DROP TABLE IF EXISTS "compounds";
CREATE TABLE "compounds" ("name" varchar(30),"formula" text,"id" integer PRIMARY KEY ,"polarity" integer DEFAULT (0) ,"charge" varchar(5) DEFAULT (0) ,"density" float,"boilingPointCelsius" float,"freezingPointCelsius" float,"unit" text, "fakeScale" float NOT NULL  DEFAULT 1);
INSERT INTO "compounds" VALUES('Water','H<sub>2</sub>O',1,1,'-1',1,100,1,'1 3 4 8',1);
INSERT INTO "compounds" VALUES('Hydrochloric-Acid','HCl',2,0,'0',NULL,NULL,NULL,'3 8',1);
INSERT INTO "compounds" VALUES('Hydroxide','OH<sup>-</sup>',3,0,'-1',NULL,NULL,NULL,'8',1);
INSERT INTO "compounds" VALUES('Hydronium','H<sub>3</sub>O<sup>+</sup>',4,0,'1',NULL,NULL,NULL,'8',1);
INSERT INTO "compounds" VALUES('Carbon-Dioxide','CO<sub>2</sub>',5,0,'0',NULL,NULL,NULL,'3 4',1);
INSERT INTO "compounds" VALUES('Ammonia','NH<sub>3</sub>',6,0,'0',NULL,NULL,NULL,'8',1);
INSERT INTO "compounds" VALUES('Hydrogen-Peroxide','H<sub>2</sub>O<sub>2</sub>',7,1,'0',1.44,150.2,0.43,'1 3',1);
INSERT INTO "compounds" VALUES('Cyanide','CN<sup>-</sup>',8,0,'-1',NULL,NULL,NULL,'8',1);
INSERT INTO "compounds" VALUES('Acetate','C<sub>2</sub>H<sub>3</sub>O<sub>2</sub><sup>-</sup>',9,0,'-1',NULL,NULL,NULL,NULL,1);
INSERT INTO "compounds" VALUES('Acetic-Acid','HC<sub>2</sub>H<sub>3</sub>O<sub>2</sub>',10,0,'0',NULL,NULL,NULL,'2 8',1);
INSERT INTO "compounds" VALUES('Aluminum','Al',11,0,'0',NULL,NULL,NULL,'3',1);
INSERT INTO "compounds" VALUES('Aluminum-Chloride','AlCl<sub>3</sub>',12,0,'0',NULL,NULL,NULL,'3',1);
INSERT INTO "compounds" VALUES('Aluminum-Ion','Al<sup>+3</sup>',13,0,'3',NULL,NULL,NULL,NULL,1);
INSERT INTO "compounds" VALUES('Aluminum-Oxide','Al<sub>2</sub>O<sub>3</sub>',14,0,'0',NULL,NULL,NULL,'3',1);
INSERT INTO "compounds" VALUES('Ammonium','NH<sub>4</sub><sup>+</sup>',15,0,'1',NULL,NULL,NULL,NULL,1);
INSERT INTO "compounds" VALUES('Ammonium-Acetate','NH<sub>4</sub>CH<sub>3</sub>CO<sub>2</sub>',16,0,'0',NULL,NULL,NULL,NULL,1);
INSERT INTO "compounds" VALUES('Ammonium-Chloride','NH<sub>4</sub>Cl',17,0,'0',NULL,NULL,NULL,'3',1);
INSERT INTO "compounds" VALUES('Ammonium-Nitrate','NH<sub>4</sub>NO<sub>3</sub>',18,0,'0',NULL,NULL,NULL,'3',1);
INSERT INTO "compounds" VALUES('Bicarbonate','HCO<sub>3</sub>',19,0,'0',NULL,NULL,NULL,'8',1);
INSERT INTO "compounds" VALUES('Blue','Bl',20,0,'0',NULL,NULL,NULL,NULL,1);
INSERT INTO "compounds" VALUES('Boron','B',21,0,'0',NULL,NULL,NULL,NULL,1);
INSERT INTO "compounds" VALUES('Boron-Ion','B<sup>+3</sup>',22,0,'3',NULL,NULL,NULL,NULL,1);
INSERT INTO "compounds" VALUES('Boron-Tetrachloride','BCl<sub>4</sub><sup>-</sup>',23,0,'-1',NULL,NULL,NULL,'8',1);
INSERT INTO "compounds" VALUES('Boron-Trichloride','BCl<sub>3</sub>',24,0,'0',NULL,NULL,NULL,'8',1);
INSERT INTO "compounds" VALUES('Bromide','Br<sup>-</sup>',25,0,'-1',NULL,NULL,NULL,NULL,1);
INSERT INTO "compounds" VALUES('Bromine','Br<sub>2</sub>',26,1,'0',3.12,59,-7.3,'1',4);
INSERT INTO "compounds" VALUES('Bromine-Atom','Br',27,0,'0',NULL,NULL,NULL,NULL,1);
INSERT INTO "compounds" VALUES('Bromine-Ion','Br<sup>-</sup>',28,0,'-1',NULL,NULL,NULL,NULL,1);
INSERT INTO "compounds" VALUES('Butane','C<sub>4</sub>H<sub>10</sub>',29,0,'0',NULL,NULL,NULL,NULL,1);
INSERT INTO "compounds" VALUES('Butene','C<sub>4</sub>H8',30,0,'0',NULL,NULL,NULL,'3',1);
INSERT INTO "compounds" VALUES('Calcium','Ca',31,0,'0',NULL,NULL,NULL,NULL,1);
INSERT INTO "compounds" VALUES('Calcium-Chloride','CaCl<sub>2</sub>',32,0,'0',NULL,NULL,NULL,'2',1);
INSERT INTO "compounds" VALUES('Calcium-Ion','Ca<sup>+2</sup>',33,0,'2',NULL,NULL,NULL,NULL,1);
INSERT INTO "compounds" VALUES('Carbide','C<sub>2</sub><sup>-2</sup>',34,0,'-2',NULL,NULL,NULL,NULL,1);
INSERT INTO "compounds" VALUES('Carbon','C',35,0,'0',NULL,NULL,NULL,NULL,1);
INSERT INTO "compounds" VALUES('Carbon-Ion','C',36,0,'0',NULL,NULL,NULL,NULL,1);
INSERT INTO "compounds" VALUES('Carbonate','CO<sub>3</sub><sup>-2</sup>',37,0,'-2',NULL,NULL,NULL,'8',1);
INSERT INTO "compounds" VALUES('Carbonic-Acid','H<sub>2</sub>CO<sub>3</sub>',38,0,'0',NULL,NULL,NULL,NULL,1);
INSERT INTO "compounds" VALUES('Chloride','Cl<sup>-</sup>',39,0,'-1',NULL,NULL,NULL,'8',1);
INSERT INTO "compounds" VALUES('Chlorine','Cl<sub>2</sub>',40,0,'0',NULL,NULL,NULL,'3',1);
INSERT INTO "compounds" VALUES('Chlorine-Atom','Cl',41,0,'0',NULL,NULL,NULL,NULL,1);
INSERT INTO "compounds" VALUES('Chlorine-Ion','Cl<sup>-</sup>',42,0,'-1',NULL,NULL,NULL,NULL,1);
INSERT INTO "compounds" VALUES('Chromium','Cr',43,0,'0',NULL,NULL,NULL,'3',1);
INSERT INTO "compounds" VALUES('Chromium-II','Cr<sup>+2</sup>',44,0,'2',NULL,NULL,NULL,NULL,1);
INSERT INTO "compounds" VALUES('Chromium-III','Cr<sup>+3</sup>',45,0,'3',NULL,NULL,NULL,NULL,1);
INSERT INTO "compounds" VALUES('Chromium-III-Oxide','Cr<sub>2</sub>O<sub>3</sub>',46,0,'0',NULL,NULL,NULL,'3',1);
INSERT INTO "compounds" VALUES('Chromium-Ion','Cr',47,0,'0',NULL,NULL,NULL,NULL,1);
INSERT INTO "compounds" VALUES('Copper','Cu',48,0,'0',NULL,NULL,NULL,'3',1);
INSERT INTO "compounds" VALUES('Copper-II','Cu<sup>+2</sup>',49,0,'2',NULL,NULL,NULL,NULL,1);
INSERT INTO "compounds" VALUES('Copper-II-Nitrate','Cu(NO<sub>3</sub>)<sup>+2</sup>',50,0,'2',NULL,NULL,NULL,'3',1);
INSERT INTO "compounds" VALUES('Copper-II-Sulfate','CuSO<sub>4</sub>',51,0,'0',NULL,NULL,NULL,'3',1);
INSERT INTO "compounds" VALUES('Copper-III','Cu<sup>+3</sup>',52,0,'3',NULL,NULL,NULL,NULL,1);
INSERT INTO "compounds" VALUES('Deuterium','H<sub>2</sub>',53,0,'0',NULL,NULL,NULL,NULL,1);
INSERT INTO "compounds" VALUES('Ethanol','C<sub>2</sub>H<sub>5</sub>OH',54,0,'0',NULL,NULL,NULL,NULL,1);
INSERT INTO "compounds" VALUES('Ethene','C<sub>2</sub>H<sub>4</sub>',55,0,'0',NULL,NULL,NULL,'3',1);
INSERT INTO "compounds" VALUES('Fluoride','F<sup>-</sup>',56,0,'-1',NULL,NULL,NULL,NULL,1);
INSERT INTO "compounds" VALUES('Fluorine','F<sub>2</sub>',57,0,'0',NULL,NULL,NULL,NULL,1);
INSERT INTO "compounds" VALUES('Fluorine-Atom','F',58,0,'0',NULL,NULL,NULL,NULL,1);
INSERT INTO "compounds" VALUES('Fluorine-Ion','F<sup>-</sup>',59,0,'-1',NULL,NULL,NULL,NULL,1);
INSERT INTO "compounds" VALUES('Generic','G',60,0,'0',NULL,NULL,NULL,NULL,1);
INSERT INTO "compounds" VALUES('Glycerol','C<sub>3</sub>H<sub>8</sub>O<sub>3</sub>',61,0,'0',NULL,NULL,NULL,'2',1);
INSERT INTO "compounds" VALUES('Gold','Au',62,0,'0',NULL,NULL,NULL,NULL,1);
INSERT INTO "compounds" VALUES('Gold-I','Au<sup>+</sup>',63,0,'1',NULL,NULL,NULL,NULL,1);
INSERT INTO "compounds" VALUES('Gold-III','Au<sup>+3</sup>',64,0,'3',NULL,NULL,NULL,NULL,1);
INSERT INTO "compounds" VALUES('Green','Gr',65,0,'0',NULL,NULL,NULL,NULL,1);
INSERT INTO "compounds" VALUES('Helium','H',66,0,'0',NULL,NULL,NULL,'4',1);
INSERT INTO "compounds" VALUES('Helium-Ion','H<sup>+</sup>',67,0,'1',NULL,NULL,NULL,NULL,1);
INSERT INTO "compounds" VALUES('Hydrogen','H2',68,0,'0',NULL,NULL,NULL,'3',1);
INSERT INTO "compounds" VALUES('Hydrogen-Atom','H',69,0,'0',NULL,NULL,NULL,NULL,1);
INSERT INTO "compounds" VALUES('Hydrogen-Bromide','HBr',70,0,'0',NULL,NULL,NULL,'8',1);
INSERT INTO "compounds" VALUES('Hydrogen-Cyanide','HCN',71,0,'0',NULL,NULL,NULL,NULL,1);
INSERT INTO "compounds" VALUES('Hydrogen-Fluoride','HF',72,0,'0',NULL,NULL,NULL,'8',1);
INSERT INTO "compounds" VALUES('Hydrogen-Iodide','HI',73,0,'0',NULL,NULL,NULL,'3',1);
INSERT INTO "compounds" VALUES('Hydrogen-Ion','H<sup>+</sup>',74,0,'1',NULL,NULL,NULL,NULL,1);
INSERT INTO "compounds" VALUES('Inert','Inert',75,0,'0',NULL,NULL,NULL,NULL,1);
INSERT INTO "compounds" VALUES('Iodine','I<sub>2</sub>',76,0,'0',NULL,NULL,NULL,'3',1);
INSERT INTO "compounds" VALUES('Iodine-Atom','I',77,0,'0',NULL,NULL,NULL,NULL,1);
INSERT INTO "compounds" VALUES('Iodine-Ion','I<sup>-</sup>',78,0,'-1',NULL,NULL,NULL,NULL,1);
INSERT INTO "compounds" VALUES('Iron','Fe',79,0,'0',NULL,NULL,NULL,'3',1);
INSERT INTO "compounds" VALUES('Iron-I','Fe<sup>+</sup>',80,0,'1',NULL,NULL,NULL,NULL,1);
INSERT INTO "compounds" VALUES('Iron-II','Fe<sup>+2</sup>',81,0,'2',NULL,NULL,NULL,NULL,1);
INSERT INTO "compounds" VALUES('Iron-II-Sulfate','FeSO<sub>4</sub>',82,0,'0',NULL,NULL,NULL,'3',1);
INSERT INTO "compounds" VALUES('Iron-III','Fe<sup>+3</sup>',83,0,'3',NULL,NULL,NULL,NULL,1);
INSERT INTO "compounds" VALUES('Lithium','Li',84,0,'0',NULL,NULL,NULL,NULL,1);
INSERT INTO "compounds" VALUES('Lithium-Chloride','LiCl',85,0,'0',NULL,NULL,NULL,'3',1);
INSERT INTO "compounds" VALUES('Lithium-Hydroxide','LiOH',86,0,'0',NULL,NULL,NULL,'8',1);
INSERT INTO "compounds" VALUES('Lithium-I','Li<sup>+</sup>',87,0,'1',NULL,NULL,NULL,NULL,1);
INSERT INTO "compounds" VALUES('Lithium-Ion','Li<sup>+</sup>',88,0,'1',NULL,NULL,NULL,NULL,1);
INSERT INTO "compounds" VALUES('Lithium-Nitrate','LiNO<sub>3</sub>',89,0,'0',NULL,NULL,NULL,'3',1);
INSERT INTO "compounds" VALUES('Lithium-Sulfide','Li<sub>2</sub>S',90,0,'0',NULL,NULL,NULL,'3',1);
INSERT INTO "compounds" VALUES('Magnesium','Mg',91,0,'0',NULL,NULL,NULL,'3',1);
INSERT INTO "compounds" VALUES('Magnesium-Ion','Mg<sup>+2</sup>',92,0,'2',NULL,NULL,NULL,NULL,1);
INSERT INTO "compounds" VALUES('Magnesium-Sulfate','MgSO<sub>4</sub>',93,0,'0',NULL,NULL,NULL,'3',1);
INSERT INTO "compounds" VALUES('Manganese','Mn',94,0,'0',NULL,NULL,NULL,NULL,1);
INSERT INTO "compounds" VALUES('Manganese-Dioxide','MnO<sub>2</sub>',95,0,'0',NULL,NULL,NULL,'3',1);
INSERT INTO "compounds" VALUES('Manganese-II','Mn<sup>+2</sup>',96,0,'2',NULL,NULL,NULL,NULL,1);
INSERT INTO "compounds" VALUES('Manganese-II-Chloride','MnCl<sub>2</sub>',97,0,'0',NULL,NULL,NULL,'3',1);
INSERT INTO "compounds" VALUES('Manganese-IV','Mn<sup>+4</sup>',98,0,'4',NULL,NULL,NULL,NULL,1);
INSERT INTO "compounds" VALUES('Mercury','Hg',99,0,'0',13.534,356.73,-38.83,'1',1);
INSERT INTO "compounds" VALUES('Mercury-I','Hg<sub>2</sub><sup>+2</sup>',100,0,'2',NULL,NULL,NULL,NULL,1);
INSERT INTO "compounds" VALUES('Mercury-II','Hg<sup>+2</sup>',101,0,'2',NULL,NULL,NULL,NULL,1);
INSERT INTO "compounds" VALUES('Methane','CH<sub>4</sub>',102,0,'0',NULL,NULL,NULL,'3',1);
INSERT INTO "compounds" VALUES('Methylamine','CH<sub>3</sub>NH<sub>2</sub>',103,0,'0',NULL,NULL,NULL,NULL,1);
INSERT INTO "compounds" VALUES('Methylammonium','CH<sub>3</sub>NH<sub>3</sub>',104,0,'0',NULL,NULL,NULL,NULL,1);
INSERT INTO "compounds" VALUES('Nitrate','NO<sub>3</sub><sup>-</sup>',105,0,'-1',NULL,NULL,NULL,NULL,1);
INSERT INTO "compounds" VALUES('Nitric-Acid','HNO<sub>3</sub>',106,0,'0',NULL,NULL,NULL,NULL,1);
INSERT INTO "compounds" VALUES('Nitric-Oxide','NO',107,0,'0',NULL,NULL,NULL,NULL,1);
INSERT INTO "compounds" VALUES('Nitrogen','N<sub>2</sub>',108,0,'0',NULL,NULL,NULL,NULL,1);
INSERT INTO "compounds" VALUES('Nitrogen-Atom','N',109,0,'0',NULL,NULL,NULL,NULL,1);
INSERT INTO "compounds" VALUES('Nitrogen-Ion','N<sup>-3</sup>',110,0,'-3',NULL,NULL,NULL,NULL,1);
INSERT INTO "compounds" VALUES('Octane','C8H18',111,0,'0',NULL,NULL,NULL,NULL,1);
INSERT INTO "compounds" VALUES('Oxygen','O<sub>2</sub>',112,0,'0',NULL,NULL,NULL,'3 4',1);
INSERT INTO "compounds" VALUES('Oxygen-Atom','O',113,0,'0',NULL,NULL,NULL,NULL,1);
INSERT INTO "compounds" VALUES('Oxygen-Ion','O<sup>-2</sup>',114,0,'-2',NULL,NULL,NULL,NULL,1);
INSERT INTO "compounds" VALUES('Pentane','C<sub>5</sub>H<sub>12</sub>',115,0,'0',0.6262,36.06,-129.67,'1 2',10);
INSERT INTO "compounds" VALUES('Phenylpthalein','C<sub>20</sub>O<sub>4</sub>H<sub>3</sub>',116,0,'0',NULL,NULL,NULL,'8',1);
INSERT INTO "compounds" VALUES('Phosphorus','P',117,0,'0',1.82,280.5,44.15,'1',1);
INSERT INTO "compounds" VALUES('Phosphorus-Ion','P<sup>-3</sup>',118,0,'-3',NULL,NULL,NULL,NULL,1);
INSERT INTO "compounds" VALUES('Potassium','K',119,0,'0',NULL,NULL,NULL,NULL,1);
INSERT INTO "compounds" VALUES('Potassium-Bromide','KBr',120,0,'0',NULL,NULL,NULL,'3',1);
INSERT INTO "compounds" VALUES('Potassium-Chloride','KCl',121,0,'0',NULL,NULL,NULL,NULL,1);
INSERT INTO "compounds" VALUES('Potassium-Ion','K<sup>+</sup>',122,0,'1',NULL,NULL,NULL,NULL,1);
INSERT INTO "compounds" VALUES('Potassium-Nitrate','KNO<sub>3</sub>',123,0,'0',NULL,NULL,NULL,'3',1);
INSERT INTO "compounds" VALUES('Red','Rd',124,0,'0',NULL,NULL,NULL,NULL,1);
INSERT INTO "compounds" VALUES('Shape-1','Sh',125,0,'0',NULL,NULL,NULL,NULL,1);
INSERT INTO "compounds" VALUES('Shape-2','Sh<sub>2</sub>',126,0,'0',NULL,NULL,NULL,NULL,1);
INSERT INTO "compounds" VALUES('Silicon','Si',127,0,'0',NULL,NULL,NULL,NULL,1);
INSERT INTO "compounds" VALUES('Silicon-Dioxide','SiO<sub>2</sub>',128,0,'0',NULL,NULL,NULL,'2',1);
INSERT INTO "compounds" VALUES('Silicon-Ion','Si<sup>+4</sup>',129,0,'4',NULL,NULL,NULL,NULL,1);
INSERT INTO "compounds" VALUES('Silicon-IV','Si<sup>+4</sup>',130,0,'4',NULL,NULL,NULL,NULL,1);
INSERT INTO "compounds" VALUES('Silver','Ag',131,0,'0',NULL,NULL,NULL,'3',1);
INSERT INTO "compounds" VALUES('Silver-Bromide','AgBr',132,0,'0',NULL,NULL,NULL,'2 3',1);
INSERT INTO "compounds" VALUES('Silver-Carbonate','Ag<sub>2</sub>CO<sub>3</sub>',133,0,'0',NULL,NULL,NULL,'3',1);
INSERT INTO "compounds" VALUES('Silver-Chloride','AgCl',134,0,'0',NULL,NULL,NULL,'2 3',1);
INSERT INTO "compounds" VALUES('Silver-Hydroxide','AgOH',135,0,'0',NULL,NULL,NULL,'3',1);
INSERT INTO "compounds" VALUES('Silver-Ion','Ag<sup>+</sup>',136,0,'1',NULL,NULL,NULL,NULL,1);
INSERT INTO "compounds" VALUES('Silver-Nitrate','AgNO<sub>3</sub>',137,0,'0',NULL,NULL,NULL,'3',1);
INSERT INTO "compounds" VALUES('Sodium','Na',138,0,'0',NULL,NULL,NULL,'3',1);
INSERT INTO "compounds" VALUES('Sodium-Acetate','CH<sub>3</sub>CO<sub>2</sub>Na',139,0,'0',NULL,NULL,NULL,NULL,1);
INSERT INTO "compounds" VALUES('Sodium-Bicarbonate','NaHCO<sub>3</sub>',140,0,'0',NULL,NULL,NULL,'8',1);
INSERT INTO "compounds" VALUES('Sodium-Carbonate','Na<sub>2</sub>CO<sub>3</sub>',141,0,'0',NULL,NULL,NULL,'3',1);
INSERT INTO "compounds" VALUES('Sodium-Chloride','NaCl',142,0,'0',NULL,NULL,NULL,'2 3 8',1);
INSERT INTO "compounds" VALUES('Sodium-Hydroxide','NaOH',143,0,'0',NULL,NULL,NULL,'3 8',1);
INSERT INTO "compounds" VALUES('Sodium-I','Na<sup>+</sup>',144,0,'1',NULL,NULL,NULL,'8',1);
INSERT INTO "compounds" VALUES('Sodium-Ion','Na<sup>+</sup>',145,0,'1',NULL,NULL,NULL,NULL,1);
INSERT INTO "compounds" VALUES('Sodium-Nitrate','NaNO<sub>3</sub>',146,0,'0',NULL,NULL,NULL,'3',1);
INSERT INTO "compounds" VALUES('Sodium-Nitrite','NaNO<sub>2</sub>',147,0,'0',NULL,NULL,NULL,NULL,1);
INSERT INTO "compounds" VALUES('Sulfate','SO<sub>4</sub><sup>-2</sup>',148,0,'-2',NULL,NULL,NULL,NULL,1);
INSERT INTO "compounds" VALUES('Sulfide','S<sup>-2</sup>',149,0,'-2',NULL,NULL,NULL,NULL,1);
INSERT INTO "compounds" VALUES('Sulfur','S',150,0,'0',NULL,NULL,NULL,NULL,1);
INSERT INTO "compounds" VALUES('Sulfur-Ion','S<sup>-2</sup>',151,0,'-2',NULL,NULL,NULL,NULL,1);
INSERT INTO "compounds" VALUES('Sulfur-Tetrafluoride','SF<sub>4</sub>',152,0,'0',NULL,NULL,NULL,NULL,1);
INSERT INTO "compounds" VALUES('Thiocyanate','SCN',153,0,'0',NULL,NULL,NULL,NULL,1);
INSERT INTO "compounds" VALUES('Thiocyanic-Acid','HSCN',154,0,'0',NULL,NULL,NULL,NULL,1);
INSERT INTO "compounds" VALUES('Tin','Sn',155,0,'0',NULL,NULL,NULL,NULL,1);
INSERT INTO "compounds" VALUES('Tin-II','Sn<sup>+2</sup>',156,0,'2',NULL,NULL,NULL,NULL,1);
INSERT INTO "compounds" VALUES('Tin-IV','Sn<sup>+4</sup>',157,0,'4',NULL,NULL,NULL,NULL,1);
INSERT INTO "compounds" VALUES('Zinc','Zn',158,0,'0',NULL,NULL,NULL,'3',1);
INSERT INTO "compounds" VALUES('Zinc-Ion','Zn<sup>+2</sup>',159,0,'2',NULL,NULL,NULL,NULL,1);
INSERT INTO "compounds" VALUES('Hydrogen-Sulfide',NULL,160,NULL,'',NULL,NULL,NULL,'3',1);
DROP TABLE IF EXISTS "compounds_elements";
CREATE TABLE "compounds_elements" ("id" integer PRIMARY KEY  NOT NULL ,"compound_id" integer NOT NULL ,"element_id" integer NOT NULL );
INSERT INTO "compounds_elements" VALUES(1,1,1);
INSERT INTO "compounds_elements" VALUES(2,1,1);
INSERT INTO "compounds_elements" VALUES(3,1,8);
INSERT INTO "compounds_elements" VALUES(4,2,1);
INSERT INTO "compounds_elements" VALUES(5,2,17);
INSERT INTO "compounds_elements" VALUES(6,3,1);
INSERT INTO "compounds_elements" VALUES(7,3,8);
INSERT INTO "compounds_elements" VALUES(8,4,1);
INSERT INTO "compounds_elements" VALUES(9,4,1);
INSERT INTO "compounds_elements" VALUES(10,4,1);
INSERT INTO "compounds_elements" VALUES(11,4,8);
INSERT INTO "compounds_elements" VALUES(12,5,6);
INSERT INTO "compounds_elements" VALUES(13,5,8);
INSERT INTO "compounds_elements" VALUES(14,5,8);
INSERT INTO "compounds_elements" VALUES(15,6,1);
INSERT INTO "compounds_elements" VALUES(16,6,1);
INSERT INTO "compounds_elements" VALUES(17,6,1);
INSERT INTO "compounds_elements" VALUES(18,6,7);
INSERT INTO "compounds_elements" VALUES(19,7,1);
INSERT INTO "compounds_elements" VALUES(20,7,1);
INSERT INTO "compounds_elements" VALUES(21,7,8);
INSERT INTO "compounds_elements" VALUES(22,7,8);
INSERT INTO "compounds_elements" VALUES(23,8,6);
INSERT INTO "compounds_elements" VALUES(24,8,7);
INSERT INTO "compounds_elements" VALUES(25,9,1);
INSERT INTO "compounds_elements" VALUES(26,9,1);
INSERT INTO "compounds_elements" VALUES(27,9,1);
INSERT INTO "compounds_elements" VALUES(28,9,6);
INSERT INTO "compounds_elements" VALUES(29,9,6);
INSERT INTO "compounds_elements" VALUES(30,9,8);
INSERT INTO "compounds_elements" VALUES(31,9,8);
INSERT INTO "compounds_elements" VALUES(32,10,1);
INSERT INTO "compounds_elements" VALUES(33,10,1);
INSERT INTO "compounds_elements" VALUES(34,10,1);
INSERT INTO "compounds_elements" VALUES(35,10,1);
INSERT INTO "compounds_elements" VALUES(36,10,6);
INSERT INTO "compounds_elements" VALUES(37,10,6);
INSERT INTO "compounds_elements" VALUES(38,10,8);
INSERT INTO "compounds_elements" VALUES(39,10,8);
INSERT INTO "compounds_elements" VALUES(40,11,13);
INSERT INTO "compounds_elements" VALUES(41,12,13);
INSERT INTO "compounds_elements" VALUES(42,12,17);
INSERT INTO "compounds_elements" VALUES(43,12,17);
INSERT INTO "compounds_elements" VALUES(44,12,17);
INSERT INTO "compounds_elements" VALUES(45,13,13);
INSERT INTO "compounds_elements" VALUES(46,14,8);
INSERT INTO "compounds_elements" VALUES(47,14,8);
INSERT INTO "compounds_elements" VALUES(48,14,8);
INSERT INTO "compounds_elements" VALUES(49,14,13);
INSERT INTO "compounds_elements" VALUES(50,14,13);
INSERT INTO "compounds_elements" VALUES(51,15,1);
INSERT INTO "compounds_elements" VALUES(52,15,1);
INSERT INTO "compounds_elements" VALUES(53,15,1);
INSERT INTO "compounds_elements" VALUES(54,15,1);
INSERT INTO "compounds_elements" VALUES(55,15,7);
INSERT INTO "compounds_elements" VALUES(56,16,1);
INSERT INTO "compounds_elements" VALUES(57,16,1);
INSERT INTO "compounds_elements" VALUES(58,16,1);
INSERT INTO "compounds_elements" VALUES(59,16,1);
INSERT INTO "compounds_elements" VALUES(60,16,1);
INSERT INTO "compounds_elements" VALUES(61,16,1);
INSERT INTO "compounds_elements" VALUES(62,16,1);
INSERT INTO "compounds_elements" VALUES(63,16,6);
INSERT INTO "compounds_elements" VALUES(64,16,6);
INSERT INTO "compounds_elements" VALUES(65,16,7);
INSERT INTO "compounds_elements" VALUES(66,16,8);
INSERT INTO "compounds_elements" VALUES(67,16,8);
INSERT INTO "compounds_elements" VALUES(68,17,1);
INSERT INTO "compounds_elements" VALUES(69,17,1);
INSERT INTO "compounds_elements" VALUES(70,17,1);
INSERT INTO "compounds_elements" VALUES(71,17,1);
INSERT INTO "compounds_elements" VALUES(72,17,7);
INSERT INTO "compounds_elements" VALUES(73,17,17);
INSERT INTO "compounds_elements" VALUES(74,18,1);
INSERT INTO "compounds_elements" VALUES(75,18,1);
INSERT INTO "compounds_elements" VALUES(76,18,1);
INSERT INTO "compounds_elements" VALUES(77,18,1);
INSERT INTO "compounds_elements" VALUES(78,18,7);
INSERT INTO "compounds_elements" VALUES(79,18,7);
INSERT INTO "compounds_elements" VALUES(80,18,8);
INSERT INTO "compounds_elements" VALUES(81,18,8);
INSERT INTO "compounds_elements" VALUES(82,18,8);
INSERT INTO "compounds_elements" VALUES(83,19,1);
INSERT INTO "compounds_elements" VALUES(84,19,6);
INSERT INTO "compounds_elements" VALUES(85,19,8);
INSERT INTO "compounds_elements" VALUES(86,19,8);
INSERT INTO "compounds_elements" VALUES(87,19,8);
INSERT INTO "compounds_elements" VALUES(88,20,203);
INSERT INTO "compounds_elements" VALUES(89,21,5);
INSERT INTO "compounds_elements" VALUES(90,22,5);
INSERT INTO "compounds_elements" VALUES(91,23,5);
INSERT INTO "compounds_elements" VALUES(92,23,17);
INSERT INTO "compounds_elements" VALUES(93,23,17);
INSERT INTO "compounds_elements" VALUES(94,23,17);
INSERT INTO "compounds_elements" VALUES(95,23,17);
INSERT INTO "compounds_elements" VALUES(96,24,5);
INSERT INTO "compounds_elements" VALUES(97,24,17);
INSERT INTO "compounds_elements" VALUES(98,24,17);
INSERT INTO "compounds_elements" VALUES(99,24,17);
INSERT INTO "compounds_elements" VALUES(100,25,35);
INSERT INTO "compounds_elements" VALUES(101,26,35);
INSERT INTO "compounds_elements" VALUES(102,26,35);
INSERT INTO "compounds_elements" VALUES(103,27,35);
INSERT INTO "compounds_elements" VALUES(104,28,35);
INSERT INTO "compounds_elements" VALUES(105,29,1);
INSERT INTO "compounds_elements" VALUES(106,29,1);
INSERT INTO "compounds_elements" VALUES(107,29,1);
INSERT INTO "compounds_elements" VALUES(108,29,1);
INSERT INTO "compounds_elements" VALUES(109,29,1);
INSERT INTO "compounds_elements" VALUES(110,29,1);
INSERT INTO "compounds_elements" VALUES(111,29,1);
INSERT INTO "compounds_elements" VALUES(112,29,1);
INSERT INTO "compounds_elements" VALUES(113,29,1);
INSERT INTO "compounds_elements" VALUES(114,29,1);
INSERT INTO "compounds_elements" VALUES(115,29,6);
INSERT INTO "compounds_elements" VALUES(116,29,6);
INSERT INTO "compounds_elements" VALUES(117,29,6);
INSERT INTO "compounds_elements" VALUES(118,29,6);
INSERT INTO "compounds_elements" VALUES(119,30,1);
INSERT INTO "compounds_elements" VALUES(120,30,1);
INSERT INTO "compounds_elements" VALUES(121,30,1);
INSERT INTO "compounds_elements" VALUES(122,30,1);
INSERT INTO "compounds_elements" VALUES(123,30,1);
INSERT INTO "compounds_elements" VALUES(124,30,1);
INSERT INTO "compounds_elements" VALUES(125,30,1);
INSERT INTO "compounds_elements" VALUES(126,30,1);
INSERT INTO "compounds_elements" VALUES(127,30,6);
INSERT INTO "compounds_elements" VALUES(128,30,6);
INSERT INTO "compounds_elements" VALUES(129,30,6);
INSERT INTO "compounds_elements" VALUES(130,30,6);
INSERT INTO "compounds_elements" VALUES(131,31,20);
INSERT INTO "compounds_elements" VALUES(132,32,17);
INSERT INTO "compounds_elements" VALUES(133,32,17);
INSERT INTO "compounds_elements" VALUES(134,32,20);
INSERT INTO "compounds_elements" VALUES(135,33,20);
INSERT INTO "compounds_elements" VALUES(136,34,6);
INSERT INTO "compounds_elements" VALUES(137,34,6);
INSERT INTO "compounds_elements" VALUES(138,35,6);
INSERT INTO "compounds_elements" VALUES(139,36,6);
INSERT INTO "compounds_elements" VALUES(140,37,6);
INSERT INTO "compounds_elements" VALUES(141,37,8);
INSERT INTO "compounds_elements" VALUES(142,37,8);
INSERT INTO "compounds_elements" VALUES(143,37,8);
INSERT INTO "compounds_elements" VALUES(144,38,1);
INSERT INTO "compounds_elements" VALUES(145,38,1);
INSERT INTO "compounds_elements" VALUES(146,38,6);
INSERT INTO "compounds_elements" VALUES(147,38,8);
INSERT INTO "compounds_elements" VALUES(148,38,8);
INSERT INTO "compounds_elements" VALUES(149,38,8);
INSERT INTO "compounds_elements" VALUES(150,39,17);
INSERT INTO "compounds_elements" VALUES(151,40,17);
INSERT INTO "compounds_elements" VALUES(152,40,17);
INSERT INTO "compounds_elements" VALUES(153,41,17);
INSERT INTO "compounds_elements" VALUES(154,42,17);
INSERT INTO "compounds_elements" VALUES(155,43,24);
INSERT INTO "compounds_elements" VALUES(156,44,24);
INSERT INTO "compounds_elements" VALUES(157,45,24);
INSERT INTO "compounds_elements" VALUES(158,46,8);
INSERT INTO "compounds_elements" VALUES(159,46,8);
INSERT INTO "compounds_elements" VALUES(160,46,8);
INSERT INTO "compounds_elements" VALUES(161,46,24);
INSERT INTO "compounds_elements" VALUES(162,46,24);
INSERT INTO "compounds_elements" VALUES(163,47,24);
INSERT INTO "compounds_elements" VALUES(164,48,29);
INSERT INTO "compounds_elements" VALUES(165,49,29);
INSERT INTO "compounds_elements" VALUES(166,50,7);
INSERT INTO "compounds_elements" VALUES(167,50,7);
INSERT INTO "compounds_elements" VALUES(168,50,8);
INSERT INTO "compounds_elements" VALUES(169,50,8);
INSERT INTO "compounds_elements" VALUES(170,50,8);
INSERT INTO "compounds_elements" VALUES(171,50,8);
INSERT INTO "compounds_elements" VALUES(172,50,8);
INSERT INTO "compounds_elements" VALUES(173,50,8);
INSERT INTO "compounds_elements" VALUES(174,50,29);
INSERT INTO "compounds_elements" VALUES(175,51,8);
INSERT INTO "compounds_elements" VALUES(176,51,8);
INSERT INTO "compounds_elements" VALUES(177,51,8);
INSERT INTO "compounds_elements" VALUES(178,51,8);
INSERT INTO "compounds_elements" VALUES(179,51,16);
INSERT INTO "compounds_elements" VALUES(180,51,29);
INSERT INTO "compounds_elements" VALUES(181,52,29);
INSERT INTO "compounds_elements" VALUES(182,53,1);
INSERT INTO "compounds_elements" VALUES(183,53,1);
INSERT INTO "compounds_elements" VALUES(184,54,1);
INSERT INTO "compounds_elements" VALUES(185,54,1);
INSERT INTO "compounds_elements" VALUES(186,54,1);
INSERT INTO "compounds_elements" VALUES(187,54,1);
INSERT INTO "compounds_elements" VALUES(188,54,1);
INSERT INTO "compounds_elements" VALUES(189,54,1);
INSERT INTO "compounds_elements" VALUES(190,54,6);
INSERT INTO "compounds_elements" VALUES(191,54,6);
INSERT INTO "compounds_elements" VALUES(192,54,8);
INSERT INTO "compounds_elements" VALUES(193,55,1);
INSERT INTO "compounds_elements" VALUES(194,55,1);
INSERT INTO "compounds_elements" VALUES(195,55,1);
INSERT INTO "compounds_elements" VALUES(196,55,1);
INSERT INTO "compounds_elements" VALUES(197,55,6);
INSERT INTO "compounds_elements" VALUES(198,55,6);
INSERT INTO "compounds_elements" VALUES(199,56,9);
INSERT INTO "compounds_elements" VALUES(200,57,9);
INSERT INTO "compounds_elements" VALUES(201,57,9);
INSERT INTO "compounds_elements" VALUES(202,58,9);
INSERT INTO "compounds_elements" VALUES(203,59,9);
INSERT INTO "compounds_elements" VALUES(204,60,200);
INSERT INTO "compounds_elements" VALUES(205,61,1);
INSERT INTO "compounds_elements" VALUES(206,61,1);
INSERT INTO "compounds_elements" VALUES(207,61,1);
INSERT INTO "compounds_elements" VALUES(208,61,1);
INSERT INTO "compounds_elements" VALUES(209,61,1);
INSERT INTO "compounds_elements" VALUES(210,61,1);
INSERT INTO "compounds_elements" VALUES(211,61,1);
INSERT INTO "compounds_elements" VALUES(212,61,1);
INSERT INTO "compounds_elements" VALUES(213,61,6);
INSERT INTO "compounds_elements" VALUES(214,61,6);
INSERT INTO "compounds_elements" VALUES(215,61,6);
INSERT INTO "compounds_elements" VALUES(216,61,8);
INSERT INTO "compounds_elements" VALUES(217,61,8);
INSERT INTO "compounds_elements" VALUES(218,61,8);
INSERT INTO "compounds_elements" VALUES(219,62,79);
INSERT INTO "compounds_elements" VALUES(220,63,79);
INSERT INTO "compounds_elements" VALUES(221,64,79);
INSERT INTO "compounds_elements" VALUES(222,65,202);
INSERT INTO "compounds_elements" VALUES(223,66,2);
INSERT INTO "compounds_elements" VALUES(224,67,2);
INSERT INTO "compounds_elements" VALUES(225,68,1);
INSERT INTO "compounds_elements" VALUES(226,68,1);
INSERT INTO "compounds_elements" VALUES(227,69,1);
INSERT INTO "compounds_elements" VALUES(228,70,1);
INSERT INTO "compounds_elements" VALUES(229,70,35);
INSERT INTO "compounds_elements" VALUES(230,71,1);
INSERT INTO "compounds_elements" VALUES(231,71,6);
INSERT INTO "compounds_elements" VALUES(232,71,7);
INSERT INTO "compounds_elements" VALUES(233,72,1);
INSERT INTO "compounds_elements" VALUES(234,72,9);
INSERT INTO "compounds_elements" VALUES(235,73,1);
INSERT INTO "compounds_elements" VALUES(236,73,53);
INSERT INTO "compounds_elements" VALUES(237,74,1);
INSERT INTO "compounds_elements" VALUES(238,75,204);
INSERT INTO "compounds_elements" VALUES(239,76,53);
INSERT INTO "compounds_elements" VALUES(240,76,53);
INSERT INTO "compounds_elements" VALUES(241,77,53);
INSERT INTO "compounds_elements" VALUES(242,78,53);
INSERT INTO "compounds_elements" VALUES(243,79,26);
INSERT INTO "compounds_elements" VALUES(244,80,26);
INSERT INTO "compounds_elements" VALUES(245,81,26);
INSERT INTO "compounds_elements" VALUES(246,82,8);
INSERT INTO "compounds_elements" VALUES(247,82,8);
INSERT INTO "compounds_elements" VALUES(248,82,8);
INSERT INTO "compounds_elements" VALUES(249,82,8);
INSERT INTO "compounds_elements" VALUES(250,82,16);
INSERT INTO "compounds_elements" VALUES(251,82,26);
INSERT INTO "compounds_elements" VALUES(252,83,26);
INSERT INTO "compounds_elements" VALUES(253,84,3);
INSERT INTO "compounds_elements" VALUES(254,85,3);
INSERT INTO "compounds_elements" VALUES(255,85,17);
INSERT INTO "compounds_elements" VALUES(256,86,1);
INSERT INTO "compounds_elements" VALUES(257,86,3);
INSERT INTO "compounds_elements" VALUES(258,86,8);
INSERT INTO "compounds_elements" VALUES(259,87,3);
INSERT INTO "compounds_elements" VALUES(260,88,3);
INSERT INTO "compounds_elements" VALUES(261,89,3);
INSERT INTO "compounds_elements" VALUES(262,89,7);
INSERT INTO "compounds_elements" VALUES(263,89,8);
INSERT INTO "compounds_elements" VALUES(264,89,8);
INSERT INTO "compounds_elements" VALUES(265,89,8);
INSERT INTO "compounds_elements" VALUES(266,90,3);
INSERT INTO "compounds_elements" VALUES(267,90,3);
INSERT INTO "compounds_elements" VALUES(268,90,16);
INSERT INTO "compounds_elements" VALUES(269,91,12);
INSERT INTO "compounds_elements" VALUES(270,92,12);
INSERT INTO "compounds_elements" VALUES(271,93,8);
INSERT INTO "compounds_elements" VALUES(272,93,8);
INSERT INTO "compounds_elements" VALUES(273,93,8);
INSERT INTO "compounds_elements" VALUES(274,93,8);
INSERT INTO "compounds_elements" VALUES(275,93,12);
INSERT INTO "compounds_elements" VALUES(276,93,16);
INSERT INTO "compounds_elements" VALUES(277,94,12);
INSERT INTO "compounds_elements" VALUES(278,95,8);
INSERT INTO "compounds_elements" VALUES(279,95,8);
INSERT INTO "compounds_elements" VALUES(280,95,12);
INSERT INTO "compounds_elements" VALUES(281,96,12);
INSERT INTO "compounds_elements" VALUES(282,97,12);
INSERT INTO "compounds_elements" VALUES(283,97,17);
INSERT INTO "compounds_elements" VALUES(284,97,17);
INSERT INTO "compounds_elements" VALUES(285,98,12);
INSERT INTO "compounds_elements" VALUES(286,99,80);
INSERT INTO "compounds_elements" VALUES(287,100,80);
INSERT INTO "compounds_elements" VALUES(288,100,80);
INSERT INTO "compounds_elements" VALUES(289,101,80);
INSERT INTO "compounds_elements" VALUES(290,102,1);
INSERT INTO "compounds_elements" VALUES(291,102,1);
INSERT INTO "compounds_elements" VALUES(292,102,1);
INSERT INTO "compounds_elements" VALUES(293,102,1);
INSERT INTO "compounds_elements" VALUES(294,102,6);
INSERT INTO "compounds_elements" VALUES(295,103,1);
INSERT INTO "compounds_elements" VALUES(296,103,1);
INSERT INTO "compounds_elements" VALUES(297,103,1);
INSERT INTO "compounds_elements" VALUES(298,103,1);
INSERT INTO "compounds_elements" VALUES(299,103,1);
INSERT INTO "compounds_elements" VALUES(300,103,6);
INSERT INTO "compounds_elements" VALUES(301,103,7);
INSERT INTO "compounds_elements" VALUES(302,104,1);
INSERT INTO "compounds_elements" VALUES(303,104,1);
INSERT INTO "compounds_elements" VALUES(304,104,1);
INSERT INTO "compounds_elements" VALUES(305,104,1);
INSERT INTO "compounds_elements" VALUES(306,104,1);
INSERT INTO "compounds_elements" VALUES(307,104,1);
INSERT INTO "compounds_elements" VALUES(308,104,6);
INSERT INTO "compounds_elements" VALUES(309,104,7);
INSERT INTO "compounds_elements" VALUES(310,105,7);
INSERT INTO "compounds_elements" VALUES(311,105,8);
INSERT INTO "compounds_elements" VALUES(312,105,8);
INSERT INTO "compounds_elements" VALUES(313,105,8);
INSERT INTO "compounds_elements" VALUES(314,106,1);
INSERT INTO "compounds_elements" VALUES(315,106,7);
INSERT INTO "compounds_elements" VALUES(316,106,8);
INSERT INTO "compounds_elements" VALUES(317,106,8);
INSERT INTO "compounds_elements" VALUES(318,106,8);
INSERT INTO "compounds_elements" VALUES(319,107,7);
INSERT INTO "compounds_elements" VALUES(320,107,8);
INSERT INTO "compounds_elements" VALUES(321,108,7);
INSERT INTO "compounds_elements" VALUES(322,108,7);
INSERT INTO "compounds_elements" VALUES(323,109,7);
INSERT INTO "compounds_elements" VALUES(324,110,7);
INSERT INTO "compounds_elements" VALUES(325,111,1);
INSERT INTO "compounds_elements" VALUES(326,111,1);
INSERT INTO "compounds_elements" VALUES(327,111,1);
INSERT INTO "compounds_elements" VALUES(328,111,1);
INSERT INTO "compounds_elements" VALUES(329,111,1);
INSERT INTO "compounds_elements" VALUES(330,111,1);
INSERT INTO "compounds_elements" VALUES(331,111,1);
INSERT INTO "compounds_elements" VALUES(332,111,1);
INSERT INTO "compounds_elements" VALUES(333,111,1);
INSERT INTO "compounds_elements" VALUES(334,111,1);
INSERT INTO "compounds_elements" VALUES(335,111,1);
INSERT INTO "compounds_elements" VALUES(336,111,1);
INSERT INTO "compounds_elements" VALUES(337,111,1);
INSERT INTO "compounds_elements" VALUES(338,111,1);
INSERT INTO "compounds_elements" VALUES(339,111,1);
INSERT INTO "compounds_elements" VALUES(340,111,1);
INSERT INTO "compounds_elements" VALUES(341,111,1);
INSERT INTO "compounds_elements" VALUES(342,111,1);
INSERT INTO "compounds_elements" VALUES(343,111,6);
INSERT INTO "compounds_elements" VALUES(344,111,6);
INSERT INTO "compounds_elements" VALUES(345,111,6);
INSERT INTO "compounds_elements" VALUES(346,111,6);
INSERT INTO "compounds_elements" VALUES(347,111,6);
INSERT INTO "compounds_elements" VALUES(348,111,6);
INSERT INTO "compounds_elements" VALUES(349,111,6);
INSERT INTO "compounds_elements" VALUES(350,111,6);
INSERT INTO "compounds_elements" VALUES(351,112,8);
INSERT INTO "compounds_elements" VALUES(352,112,8);
INSERT INTO "compounds_elements" VALUES(353,113,8);
INSERT INTO "compounds_elements" VALUES(354,114,8);
INSERT INTO "compounds_elements" VALUES(355,115,1);
INSERT INTO "compounds_elements" VALUES(356,115,1);
INSERT INTO "compounds_elements" VALUES(357,115,1);
INSERT INTO "compounds_elements" VALUES(358,115,1);
INSERT INTO "compounds_elements" VALUES(359,115,1);
INSERT INTO "compounds_elements" VALUES(360,115,1);
INSERT INTO "compounds_elements" VALUES(361,115,1);
INSERT INTO "compounds_elements" VALUES(362,115,1);
INSERT INTO "compounds_elements" VALUES(363,115,1);
INSERT INTO "compounds_elements" VALUES(364,115,1);
INSERT INTO "compounds_elements" VALUES(365,115,1);
INSERT INTO "compounds_elements" VALUES(366,115,1);
INSERT INTO "compounds_elements" VALUES(367,115,6);
INSERT INTO "compounds_elements" VALUES(368,115,6);
INSERT INTO "compounds_elements" VALUES(369,115,6);
INSERT INTO "compounds_elements" VALUES(370,115,6);
INSERT INTO "compounds_elements" VALUES(371,115,6);
INSERT INTO "compounds_elements" VALUES(372,116,1);
INSERT INTO "compounds_elements" VALUES(373,116,1);
INSERT INTO "compounds_elements" VALUES(374,116,1);
INSERT INTO "compounds_elements" VALUES(375,116,6);
INSERT INTO "compounds_elements" VALUES(376,116,6);
INSERT INTO "compounds_elements" VALUES(377,116,6);
INSERT INTO "compounds_elements" VALUES(378,116,6);
INSERT INTO "compounds_elements" VALUES(379,116,6);
INSERT INTO "compounds_elements" VALUES(380,116,6);
INSERT INTO "compounds_elements" VALUES(381,116,6);
INSERT INTO "compounds_elements" VALUES(382,116,6);
INSERT INTO "compounds_elements" VALUES(383,116,6);
INSERT INTO "compounds_elements" VALUES(384,116,6);
INSERT INTO "compounds_elements" VALUES(385,116,6);
INSERT INTO "compounds_elements" VALUES(386,116,6);
INSERT INTO "compounds_elements" VALUES(387,116,6);
INSERT INTO "compounds_elements" VALUES(388,116,6);
INSERT INTO "compounds_elements" VALUES(389,116,6);
INSERT INTO "compounds_elements" VALUES(390,116,6);
INSERT INTO "compounds_elements" VALUES(391,116,6);
INSERT INTO "compounds_elements" VALUES(392,116,6);
INSERT INTO "compounds_elements" VALUES(393,116,6);
INSERT INTO "compounds_elements" VALUES(394,116,6);
INSERT INTO "compounds_elements" VALUES(395,116,8);
INSERT INTO "compounds_elements" VALUES(396,116,8);
INSERT INTO "compounds_elements" VALUES(397,116,8);
INSERT INTO "compounds_elements" VALUES(398,116,8);
INSERT INTO "compounds_elements" VALUES(399,117,15);
INSERT INTO "compounds_elements" VALUES(400,118,15);
INSERT INTO "compounds_elements" VALUES(401,119,19);
INSERT INTO "compounds_elements" VALUES(402,120,19);
INSERT INTO "compounds_elements" VALUES(403,120,35);
INSERT INTO "compounds_elements" VALUES(404,121,17);
INSERT INTO "compounds_elements" VALUES(405,121,19);
INSERT INTO "compounds_elements" VALUES(406,122,19);
INSERT INTO "compounds_elements" VALUES(407,123,7);
INSERT INTO "compounds_elements" VALUES(408,123,8);
INSERT INTO "compounds_elements" VALUES(409,123,8);
INSERT INTO "compounds_elements" VALUES(410,123,8);
INSERT INTO "compounds_elements" VALUES(411,123,19);
INSERT INTO "compounds_elements" VALUES(412,124,201);
INSERT INTO "compounds_elements" VALUES(413,125,205);
INSERT INTO "compounds_elements" VALUES(414,126,206);
INSERT INTO "compounds_elements" VALUES(415,126,207);
INSERT INTO "compounds_elements" VALUES(416,127,14);
INSERT INTO "compounds_elements" VALUES(417,128,8);
INSERT INTO "compounds_elements" VALUES(418,128,8);
INSERT INTO "compounds_elements" VALUES(419,128,14);
INSERT INTO "compounds_elements" VALUES(420,129,14);
INSERT INTO "compounds_elements" VALUES(421,130,14);
INSERT INTO "compounds_elements" VALUES(422,131,47);
INSERT INTO "compounds_elements" VALUES(423,132,35);
INSERT INTO "compounds_elements" VALUES(424,132,79);
INSERT INTO "compounds_elements" VALUES(425,133,6);
INSERT INTO "compounds_elements" VALUES(426,133,8);
INSERT INTO "compounds_elements" VALUES(427,133,8);
INSERT INTO "compounds_elements" VALUES(428,133,8);
INSERT INTO "compounds_elements" VALUES(429,133,47);
INSERT INTO "compounds_elements" VALUES(430,133,47);
INSERT INTO "compounds_elements" VALUES(431,134,17);
INSERT INTO "compounds_elements" VALUES(432,134,47);
INSERT INTO "compounds_elements" VALUES(433,135,1);
INSERT INTO "compounds_elements" VALUES(434,135,8);
INSERT INTO "compounds_elements" VALUES(435,135,47);
INSERT INTO "compounds_elements" VALUES(436,136,47);
INSERT INTO "compounds_elements" VALUES(437,137,7);
INSERT INTO "compounds_elements" VALUES(438,137,8);
INSERT INTO "compounds_elements" VALUES(439,137,8);
INSERT INTO "compounds_elements" VALUES(440,137,8);
INSERT INTO "compounds_elements" VALUES(441,137,47);
INSERT INTO "compounds_elements" VALUES(442,138,11);
INSERT INTO "compounds_elements" VALUES(443,139,1);
INSERT INTO "compounds_elements" VALUES(444,139,1);
INSERT INTO "compounds_elements" VALUES(445,139,1);
INSERT INTO "compounds_elements" VALUES(446,139,6);
INSERT INTO "compounds_elements" VALUES(447,139,6);
INSERT INTO "compounds_elements" VALUES(448,139,8);
INSERT INTO "compounds_elements" VALUES(449,139,8);
INSERT INTO "compounds_elements" VALUES(450,140,1);
INSERT INTO "compounds_elements" VALUES(451,140,6);
INSERT INTO "compounds_elements" VALUES(452,140,8);
INSERT INTO "compounds_elements" VALUES(453,140,8);
INSERT INTO "compounds_elements" VALUES(454,140,8);
INSERT INTO "compounds_elements" VALUES(455,140,11);
INSERT INTO "compounds_elements" VALUES(456,141,6);
INSERT INTO "compounds_elements" VALUES(457,141,8);
INSERT INTO "compounds_elements" VALUES(458,141,8);
INSERT INTO "compounds_elements" VALUES(459,141,8);
INSERT INTO "compounds_elements" VALUES(460,141,11);
INSERT INTO "compounds_elements" VALUES(461,141,11);
INSERT INTO "compounds_elements" VALUES(462,142,11);
INSERT INTO "compounds_elements" VALUES(463,142,17);
INSERT INTO "compounds_elements" VALUES(464,143,1);
INSERT INTO "compounds_elements" VALUES(465,143,8);
INSERT INTO "compounds_elements" VALUES(466,143,11);
INSERT INTO "compounds_elements" VALUES(467,144,11);
INSERT INTO "compounds_elements" VALUES(468,145,11);
INSERT INTO "compounds_elements" VALUES(469,146,7);
INSERT INTO "compounds_elements" VALUES(470,146,8);
INSERT INTO "compounds_elements" VALUES(471,146,8);
INSERT INTO "compounds_elements" VALUES(472,146,8);
INSERT INTO "compounds_elements" VALUES(473,146,11);
INSERT INTO "compounds_elements" VALUES(474,147,7);
INSERT INTO "compounds_elements" VALUES(475,147,8);
INSERT INTO "compounds_elements" VALUES(476,147,8);
INSERT INTO "compounds_elements" VALUES(477,147,11);
INSERT INTO "compounds_elements" VALUES(478,148,8);
INSERT INTO "compounds_elements" VALUES(479,148,8);
INSERT INTO "compounds_elements" VALUES(480,148,8);
INSERT INTO "compounds_elements" VALUES(481,148,8);
INSERT INTO "compounds_elements" VALUES(482,148,16);
INSERT INTO "compounds_elements" VALUES(483,149,16);
INSERT INTO "compounds_elements" VALUES(484,150,16);
INSERT INTO "compounds_elements" VALUES(485,151,16);
INSERT INTO "compounds_elements" VALUES(486,152,9);
INSERT INTO "compounds_elements" VALUES(487,152,9);
INSERT INTO "compounds_elements" VALUES(488,152,9);
INSERT INTO "compounds_elements" VALUES(489,152,9);
INSERT INTO "compounds_elements" VALUES(490,152,16);
INSERT INTO "compounds_elements" VALUES(491,153,6);
INSERT INTO "compounds_elements" VALUES(492,153,7);
INSERT INTO "compounds_elements" VALUES(493,153,16);
INSERT INTO "compounds_elements" VALUES(494,154,1);
INSERT INTO "compounds_elements" VALUES(495,154,6);
INSERT INTO "compounds_elements" VALUES(496,154,7);
INSERT INTO "compounds_elements" VALUES(497,154,16);
INSERT INTO "compounds_elements" VALUES(498,155,50);
INSERT INTO "compounds_elements" VALUES(499,156,50);
INSERT INTO "compounds_elements" VALUES(500,157,50);
INSERT INTO "compounds_elements" VALUES(501,158,30);
INSERT INTO "compounds_elements" VALUES(502,159,30);
DROP TABLE IF EXISTS "elements";
CREATE TABLE "elements" ("name" varchar(20),"density" real,"radiusAtomic" real,"radiusIonic" real,"id" integer PRIMARY KEY ,"freezingPointKelvin" real,"atomicSymbol" varchar(5),"mass" real,"boilingPointKelvin" real);
INSERT INTO "elements" VALUES('Hydrogen',0.00899,37,0.01,1,13.39,'H',1.00795,28.39);
INSERT INTO "elements" VALUES('Helium',0.1785,128,122,2,0.95,'He',4.002,4.215);
INSERT INTO "elements" VALUES('Lithium',0.54,156,76,3,453.7,'Li',6.941,161.4);
INSERT INTO "elements" VALUES('Beryllium',1.85,111.3,45,4,1500,'Be',9.01218,2740);
INSERT INTO "elements" VALUES('Boron',2.46,97,27,5,2349,'B',10.811,4137);
INSERT INTO "elements" VALUES('Carbon',2.7,77,260,6,4188,'C',26.981,4293);
INSERT INTO "elements" VALUES('Nitrogen',1.251,55,146,7,63.14,'N',14.0067,77.36);
INSERT INTO "elements" VALUES('Oxygen',1.429,60,140,8,54.75,'O',15.994,90.19);
INSERT INTO "elements" VALUES('Flourine',1.696,71.7,133,9,53.54,'F',18.998403,85.02);
INSERT INTO "elements" VALUES('Neon',0.89999,158,160,10,24.48,'Ne',20.179,27.9);
INSERT INTO "elements" VALUES('Sodium',0.968,186,102,11,371,'Na',22.98977,1155);
INSERT INTO "elements" VALUES('Magnesium',1.74,160,72,12,923,'Mg',24.305,1383);
INSERT INTO "elements" VALUES('Aluminium',2.7,143.1,53.5,13,933.5,'Al',26.98154,2791);
INSERT INTO "elements" VALUES('Silicon',2.33,117,40,14,1685,'Si',28.0855,2953);
INSERT INTO "elements" VALUES('Phosphorus',1.82,110,38,15,317.3,'P',30.9737,553.45);
INSERT INTO "elements" VALUES('Sulfur',1.92,104,29,16,380,'S',32.066,717.9);
INSERT INTO "elements" VALUES('Chlorine',3.21,99,181,17,172.2,'Cl',35.453,239.1);
INSERT INTO "elements" VALUES('Argon',1.78,191,191,18,83.77,'Ar',39.948,87.28);
INSERT INTO "elements" VALUES('Potassium',0.856,231,138,19,336.4,'k',39.0983,1039);
INSERT INTO "elements" VALUES('Calcium',1.55,197,100,20,1115,'Ca',40.078,1766);
INSERT INTO "elements" VALUES('Scandium',2.99,161,74.5,21,1811,'Sc',44.95591,3003);
INSERT INTO "elements" VALUES('Titanium',4.51,154,60.5,22,1933,'Ti',47.88,3551.1);
INSERT INTO "elements" VALUES('Vanadium',6.11,131,59,23,2190,'V',50.9415,3694);
INSERT INTO "elements" VALUES('Chromium',7.14,125,61.5,24,2130,'Cr',51.9961,2952);
INSERT INTO "elements" VALUES('Manganese',7.47,118,83,25,1517,'Mn',54.938,2368);
INSERT INTO "elements" VALUES('Iron',7.87,125,78,26,1809,'Fe',55.847,3136);
INSERT INTO "elements" VALUES('Cobalt',8.9,125,74.5,27,1767,'Co',58.9332,3170);
INSERT INTO "elements" VALUES('Nickel',8.91,124,69,28,1728,'Ni',59.69,3157);
INSERT INTO "elements" VALUES('Copper',8.92,128,73,29,1358,'Cu',63.546,2845);
INSERT INTO "elements" VALUES('Zinc',7.14,133,74,30,692.7,'Zn',65.39,1183);
INSERT INTO "elements" VALUES('Gallium',5.9,122.1,62,31,302.9,'Ga',69.723,2476);
INSERT INTO "elements" VALUES('Germanium',5.32,122.5,53,32,1211,'Ge',72.61,3123);
INSERT INTO "elements" VALUES('Arsenic',5.73,116,58,33,1090,'As',74.9216,888);
INSERT INTO "elements" VALUES('Selenium',4.82,115,50,34,490,'Se',78.96,958);
INSERT INTO "elements" VALUES('Bromine',3.1,195,196,35,265.9,'Br',79.904,332.6);
INSERT INTO "elements" VALUES('Krypton',3.73,201,198,36,116,'Kr',83.8,119.8);
INSERT INTO "elements" VALUES('Rubidium',1.53,243,152,37,312,'Rb',85.4678,964);
INSERT INTO "elements" VALUES('Strontium',2.63,215,118,38,1030,'Sr',87.62,1639);
INSERT INTO "elements" VALUES('Yitrium',4.47,180,90,39,1782,'Y',88.9059,3573);
INSERT INTO "elements" VALUES('Zirconium',6.51,161,87,40,2125,'Zr',91.224,3850);
INSERT INTO "elements" VALUES('Niobium',8.57,147,64,41,2741,'Nb',92.9064,5133);
INSERT INTO "elements" VALUES('Molybdenum',10.28,136,59,42,2896,'Mo',95.94,4956);
INSERT INTO "elements" VALUES('Technetium',11.49,135,56,43,2523,'Tc',98.9072,4840);
INSERT INTO "elements" VALUES('Ruthenium',12.41,132,68,44,2723,'Rh',101.07,4423);
INSERT INTO "elements" VALUES('Rhodium',12.41,134.5,66.5,45,2239,'Rh',102.9055,4000);
INSERT INTO "elements" VALUES('Palladium',12.02,138,86,46,1828,'Pd',106.42,3440);
INSERT INTO "elements" VALUES('Silver',10.49,144,115,47,1235,'Ag',107.8682,2437);
INSERT INTO "elements" VALUES('Cadmium',8.65,148.9,95,48,594,'Cd',112.41,1040);
INSERT INTO "elements" VALUES('Indium',7.31,151,80,49,429.8,'In',114.82,2353);
INSERT INTO "elements" VALUES('Tin',7.31,140.5,69,50,505,'Sn',118.71,2780);
INSERT INTO "elements" VALUES('Antimony',6.7,182,69,51,903.9,'Sb',121.75,1908);
INSERT INTO "elements" VALUES('Tellurium',6.24,137,97,52,723,'Te',127.6,1263);
INSERT INTO "elements" VALUES('Iodine',4.82,215,220,53,386.8,'I',78.96,458.4);
INSERT INTO "elements" VALUES('Xenon',5.89,218,220,54,161.4,'Xe',131.29,165.1);
INSERT INTO "elements" VALUES('Cesium',1.88,265,167,55,301.6,'Cs',132.9054,941.4);
INSERT INTO "elements" VALUES('Barium',3.51,210,136,56,1000,'Ba',137.33,2118);
INSERT INTO "elements" VALUES('Lanthanum',6.17,187.7,103.2,57,1193,'La',138.9055,3743);
INSERT INTO "elements" VALUES('Cerium',6.77,NULL,NULL,58,1068,'Ce',140.12,3633);
INSERT INTO "elements" VALUES('Praseodynium',6.77,NULL,NULL,59,1208,'Pr',140.12,3563);
INSERT INTO "elements" VALUES('Neodymium',7,NULL,NULL,60,1297,'Nd',144.24,3373);
INSERT INTO "elements" VALUES('Promethium',7,NULL,NULL,61,1353,'PR',61,3273);
INSERT INTO "elements" VALUES('Samarium',7.54,NULL,NULL,62,1345,'Sm',150.36,2076);
INSERT INTO "elements" VALUES('Europium',5.24,NULL,NULL,63,1099,'Eu',151.96,1800);
INSERT INTO "elements" VALUES('Gadolinium',7.9,NULL,NULL,64,1585,'Gd',157.25,3523);
INSERT INTO "elements" VALUES('Terbium',8.25,NULL,NULL,65,1629,'Tb',158.9254,3503);
INSERT INTO "elements" VALUES('Dysprosium',8.54,NULL,NULL,66,1680,'Dy',162.5,2840);
INSERT INTO "elements" VALUES('Holmium',8.54,NULL,NULL,67,1734,'Ho',164.9304,1993);
INSERT INTO "elements" VALUES('Erbium',9.05,NULL,NULL,68,1770,'Er',167.26,3141);
INSERT INTO "elements" VALUES('Thulium',9.32,NULL,NULL,69,1818,'Tm',16.84,2223);
INSERT INTO "elements" VALUES('Yitterbium',9.32,NULL,NULL,70,1097,'Yb',168.9342,1469);
INSERT INTO "elements" VALUES('Lutetium',9.84,NULL,NULL,71,1925,'Lu',174.967,3675);
INSERT INTO "elements" VALUES('Halfnium',13.31,154,71,72,2500,'Hf',178.49,4723);
INSERT INTO "elements" VALUES('Tantalum',16.65,143,64,73,3258,'Ta',180.9479,5786);
INSERT INTO "elements" VALUES('Tungsten',19.25,137,60,74,3680,'W',183.85,6173);
INSERT INTO "elements" VALUES('Rhenium',21.02,138,63,75,3453,'Re',186.21,5951);
INSERT INTO "elements" VALUES('Osmium',22.61,134,63,76,3318,'Os',190.2,5498);
INSERT INTO "elements" VALUES('Iridium',22.65,135.5,68,77,2723,'Ir',192.22,4823);
INSERT INTO "elements" VALUES('Platinum',21.09,138.5,62.5,78,2046,'Pt',195.08,4097);
INSERT INTO "elements" VALUES('Gold',19.3,144,85,79,1338,'Au',196.9665,3081);
INSERT INTO "elements" VALUES('Mercury',13.53,147,102,80,234.3,'Hg',200.59,630.1);
INSERT INTO "elements" VALUES('Thallium',11.85,576.7,1730,81,576.7,'Tl',204.383,1730);
INSERT INTO "elements" VALUES('Lead',11.34,175,119,82,600.6,'Pb',207.2,2013);
INSERT INTO "elements" VALUES('Bismuth',9.78,154.7,96,83,644.7,'Bi',208.9804,1777);
INSERT INTO "elements" VALUES('Polonium',9.2,527,1235,84,527,'Po',208.9824,1235);
INSERT INTO "elements" VALUES('Astatine',NULL,NULL,227,85,302,'At',209.987,377);
INSERT INTO "elements" VALUES('Radon',9.73,132,145,86,202,'Rn',222.02,211);
INSERT INTO "elements" VALUES('Francium',NULL,270,180,87,27,'Fr',223.0197,677);
INSERT INTO "elements" VALUES('Radium',5.5,223,148,88,973.25,'Ra',226.03,2010);
INSERT INTO "elements" VALUES('Actinium',10.07,203,111,89,1323,'Ac',227.027,3300);
INSERT INTO "elements" VALUES('Thorium',11.72,NULL,NULL,90,2115,'Th',232.0381,5093);
INSERT INTO "elements" VALUES('Protactinium',15.37,NULL,NULL,91,1841,'Pa',231.0359,4500);
INSERT INTO "elements" VALUES('Uranium',19.05,NULL,NULL,92,1405,'U',238.0359,4200);
INSERT INTO "elements" VALUES('Neptunium',20.45,NULL,NULL,93,910,'Np',237.048,4173);
INSERT INTO "elements" VALUES('Plutonium',19.82,NULL,NULL,94,912.65,'Pu',244.064,3503);
INSERT INTO "elements" VALUES('Americium',NULL,NULL,NULL,95,994,'Am',243.061,2607);
INSERT INTO "elements" VALUES('Curium',13.51,NULL,NULL,96,1613,'cm',247.07,3383);
INSERT INTO "elements" VALUES('Berkelium',14.78,NULL,NULL,97,1259,'Bk',247.07,NULL);
INSERT INTO "elements" VALUES('Californium',NULL,NULL,NULL,98,1173,'Cf',251.08,NULL);
INSERT INTO "elements" VALUES('Einsteinium',NULL,NULL,NULL,99,857,'Es',252.083,NULL);
INSERT INTO "elements" VALUES('Fermium',NULL,NULL,NULL,100,1527,'Fm',257.0951,NULL);
INSERT INTO "elements" VALUES('Mendelevium',NULL,NULL,NULL,101,857,'Md',258.1,NULL);
INSERT INTO "elements" VALUES('Nobelium',NULL,NULL,NULL,102,857,'No',259.101,NULL);
INSERT INTO "elements" VALUES('Lawrencium',NULL,NULL,NULL,103,1627,'Lr',260.105,NULL);
INSERT INTO "elements" VALUES('Rutherfodium',NULL,NULL,NULL,104,NULL,'Rf',261.109,NULL);
INSERT INTO "elements" VALUES('Dubinium',NULL,NULL,NULL,105,NULL,'Db',262.114,NULL);
INSERT INTO "elements" VALUES('Seaborgium',NULL,NULL,NULL,106,NULL,'Sg',263.118,NULL);
INSERT INTO "elements" VALUES('Bohrium',NULL,NULL,NULL,107,NULL,'Bh',262.123,NULL);
INSERT INTO "elements" VALUES('Hassium',NULL,NULL,NULL,108,NULL,'Hs',265,NULL);
INSERT INTO "elements" VALUES('Meitnerium',NULL,NULL,NULL,109,NULL,'Mt',266,NULL);
INSERT INTO "elements" VALUES('Ununnilium',NULL,NULL,NULL,110,NULL,'unn',269,NULL);
INSERT INTO "elements" VALUES('Unununium',NULL,NULL,NULL,111,NULL,'Uuu',272,NULL);
INSERT INTO "elements" VALUES('Ununbium',NULL,NULL,NULL,112,NULL,'Uub',277,NULL);
INSERT INTO "elements" VALUES('Ununtrium',NULL,NULL,NULL,113,NULL,'Uut',280,NULL);
INSERT INTO "elements" VALUES('Ununquadium',NULL,NULL,NULL,114,NULL,'Uuq',285,NULL);
DROP TABLE IF EXISTS "reactions";
CREATE TABLE "reactions" ("energyProduced" float,"id" integer PRIMARY KEY ,"probability" real, "minTemp" FLOAT);
INSERT INTO "reactions" VALUES(NULL,1,0.00001,NULL);
INSERT INTO "reactions" VALUES(NULL,2,0.00001,NULL);
INSERT INTO "reactions" VALUES(NULL,3,0.00075,NULL);
INSERT INTO "reactions" VALUES(NULL,4,0.0015,NULL);
INSERT INTO "reactions" VALUES(NULL,5,0.0015,NULL);
INSERT INTO "reactions" VALUES(NULL,6,0.0015,NULL);
INSERT INTO "reactions" VALUES(NULL,7,0.0075,NULL);
INSERT INTO "reactions" VALUES(NULL,8,0.015,NULL);
INSERT INTO "reactions" VALUES(NULL,9,0.015,NULL);
INSERT INTO "reactions" VALUES(NULL,10,0.03,NULL);
INSERT INTO "reactions" VALUES(NULL,11,0.03,NULL);
INSERT INTO "reactions" VALUES(NULL,12,0.12,NULL);
INSERT INTO "reactions" VALUES(NULL,13,0.5,NULL);
INSERT INTO "reactions" VALUES('',14,1,NULL);
INSERT INTO "reactions" VALUES(NULL,15,1,110);
DROP TABLE IF EXISTS "reactions_compounds";
CREATE TABLE "reactions_compounds" ("id" integer PRIMARY KEY ,"type" varchar(10), "reaction_id" integer, "compound_id" INTEGER);
INSERT INTO "reactions_compounds" VALUES(1,'input',1,1);
INSERT INTO "reactions_compounds" VALUES(2,'input',1,106);
INSERT INTO "reactions_compounds" VALUES(3,'output',1,4);
INSERT INTO "reactions_compounds" VALUES(4,'output',1,105);
INSERT INTO "reactions_compounds" VALUES(5,'input',2,4);
INSERT INTO "reactions_compounds" VALUES(6,'input',2,56);
INSERT INTO "reactions_compounds" VALUES(7,'output',2,1);
INSERT INTO "reactions_compounds" VALUES(8,'output',2,1);
INSERT INTO "reactions_compounds" VALUES(9,'input',3,3);
INSERT INTO "reactions_compounds" VALUES(10,'input',3,4);
INSERT INTO "reactions_compounds" VALUES(11,'output',3,1);
INSERT INTO "reactions_compounds" VALUES(12,'output',3,72);
INSERT INTO "reactions_compounds" VALUES(13,'input',4,3);
INSERT INTO "reactions_compounds" VALUES(14,'input',4,15);
INSERT INTO "reactions_compounds" VALUES(15,'output',4,1);
INSERT INTO "reactions_compounds" VALUES(16,'output',4,6);
INSERT INTO "reactions_compounds" VALUES(17,'input',5,4);
INSERT INTO "reactions_compounds" VALUES(18,'input',5,10);
INSERT INTO "reactions_compounds" VALUES(19,'output',5,1);
INSERT INTO "reactions_compounds" VALUES(20,'output',5,10);
INSERT INTO "reactions_compounds" VALUES(21,'input',6,25);
INSERT INTO "reactions_compounds" VALUES(22,'input',6,71);
INSERT INTO "reactions_compounds" VALUES(23,'output',6,8);
INSERT INTO "reactions_compounds" VALUES(24,'output',6,70);
INSERT INTO "reactions_compounds" VALUES(25,'input',7,1);
INSERT INTO "reactions_compounds" VALUES(26,'input',7,135);
INSERT INTO "reactions_compounds" VALUES(27,'output',7,3);
INSERT INTO "reactions_compounds" VALUES(28,'output',7,144);
INSERT INTO "reactions_compounds" VALUES(29,'input',8,1);
INSERT INTO "reactions_compounds" VALUES(30,'input',8,10);
INSERT INTO "reactions_compounds" VALUES(31,'output',8,3);
INSERT INTO "reactions_compounds" VALUES(32,'output',8,9);
INSERT INTO "reactions_compounds" VALUES(33,'input',9,1);
INSERT INTO "reactions_compounds" VALUES(34,'input',9,6);
INSERT INTO "reactions_compounds" VALUES(35,'output',9,3);
INSERT INTO "reactions_compounds" VALUES(36,'output',9,15);
INSERT INTO "reactions_compounds" VALUES(37,'input',10,1);
INSERT INTO "reactions_compounds" VALUES(38,'input',10,103);
INSERT INTO "reactions_compounds" VALUES(39,'output',10,3);
INSERT INTO "reactions_compounds" VALUES(40,'output',10,104);
INSERT INTO "reactions_compounds" VALUES(41,'input',11,1);
INSERT INTO "reactions_compounds" VALUES(42,'input',11,72);
INSERT INTO "reactions_compounds" VALUES(43,'output',11,4);
INSERT INTO "reactions_compounds" VALUES(44,'output',11,56);
INSERT INTO "reactions_compounds" VALUES(45,'input',12,1);
INSERT INTO "reactions_compounds" VALUES(46,'input',12,2);
INSERT INTO "reactions_compounds" VALUES(47,'output',12,4);
INSERT INTO "reactions_compounds" VALUES(48,'output',12,39);
INSERT INTO "reactions_compounds" VALUES(49,'input',13,2);
INSERT INTO "reactions_compounds" VALUES(50,'input',13,6);
INSERT INTO "reactions_compounds" VALUES(51,'output',13,15);
INSERT INTO "reactions_compounds" VALUES(52,'output',13,39);
INSERT INTO "reactions_compounds" VALUES(53,'input',14,8);
INSERT INTO "reactions_compounds" VALUES(54,'input',14,70);
INSERT INTO "reactions_compounds" VALUES(55,'output',14,25);
INSERT INTO "reactions_compounds" VALUES(56,'output',14,71);
INSERT INTO "reactions_compounds" VALUES(57,'input',15,7);
INSERT INTO "reactions_compounds" VALUES(58,'input',15,7);
INSERT INTO "reactions_compounds" VALUES(59,'output',15,1);
INSERT INTO "reactions_compounds" VALUES(60,'output',15,1);
INSERT INTO "reactions_compounds" VALUES(61,'output',15,112);
